,subject,type,metric,popsd,sampsize,popmean,sampmean,z,p,p≤0.05,p≤0.005,p≤0.0005,p≤0.00005,Positive?
0,English,None,Composite ACT,4.568623777226112,254,24.043912175648703,23.52755905511811,-1.8012677298284452,0.0358303457777234,True,False,False,False,False
1,English,None,English ACT,5.8674127317933324,254,24.067864271457086,23.37795275590551,-1.8739742256784555,0.0304669888460078,True,False,False,False,False
2,English,None,Math ACT,4.851497679371729,254,22.882235528942115,22.54724409448819,-1.1004611949584864,0.1355656141054227,False,False,False,False,False
3,English,None,Science ACT,4.779078392380357,254,23.65868263473054,23.40944881889764,-0.8311505002078918,0.202944307078311,False,False,False,False,False
4,English,None,Last GPA,0.5668297576165395,254,3.711956087824352,3.5511023622047246,-4.52267458628188,3.0531541345929037e-06,True,True,True,True,False
5,English,None,English Avg,7.236619252974215,254,83.19081836327345,79.8527559055118,-7.351493768427437,9.800195302661089e-14,True,True,True,True,False
6,English,None,Math Avg,7.575285658571098,254,85.60878243512974,84.42401574803148,-2.4925890235848884,0.0063407767821398,True,False,False,False,False
7,English,None,Science Avg,6.372395295577668,254,85.98203592814372,83.70905511811023,-5.684731004118291,6.550935834869651e-09,True,True,True,True,False
8,English,Prep Courses,Composite ACT,4.568623777226112,118,24.043912175648703,21.033898305084747,-7.156886087752358,4.1265109716940354e-13,True,True,True,True,False
9,English,Prep Courses,English ACT,5.8674127317933324,118,24.067864271457086,20.033898305084747,-7.468383221829662,4.0593059235945544e-14,True,True,True,True,False
10,English,Prep Courses,Math ACT,4.851497679371729,118,22.882235528942115,20.364406779661017,-5.637562424108108,8.623704595791572e-09,True,True,True,True,False
11,English,Prep Courses,Science ACT,4.779078392380357,118,23.65868263473054,21.1271186440678,-5.754210680837804,4.352377185241379e-09,True,True,True,True,False
12,English,Prep Courses,Last GPA,0.5668297576165395,118,3.711956087824352,3.517711864406779,-3.722515150829789,9.862403440719625e-05,True,True,True,False,False
13,English,Prep Courses,English Avg,7.236619252974215,118,83.19081836327345,83.0584745762712,-0.1986592713149592,0.421264642858979,False,False,False,False,False
14,English,Prep Courses,Math Avg,7.575285658571098,118,85.60878243512974,82.66016949152544,-4.228241231225993,1.1776259655959954e-05,True,True,True,True,False
15,English,Prep Courses,Science Avg,6.372395295577668,118,85.98203592814372,85.59322033898304,-0.6627991831486315,0.2537295884339596,False,False,False,False,False
16,English,AP English,Composite ACT,4.568623777226112,45,24.043912175648703,28.33333333333333,6.298245003574502,1.505172192035616e-10,True,True,True,True,True
17,English,AP English,English ACT,5.8674127317933324,45,24.067864271457086,29.711111111111112,6.45191541353549,5.5222611397983055e-11,True,True,True,True,True
18,English,AP English,Math ACT,4.851497679371729,45,22.882235528942115,26.77777777777778,5.386396853072586,3.5942075416749414e-08,True,True,True,True,True
19,English,AP English,Science ACT,4.779078392380357,45,23.65868263473054,27.11111111111111,4.846037746284731,6.297578153417516e-07,True,True,True,True,True
20,English,AP English,Last GPA,0.5668297576165395,45,3.711956087824352,4.171777777777777,5.441806163749066,2.6371524440638242e-08,True,True,True,True,True
21,English,AP English,English Avg,7.236619252974215,45,83.19081836327345,88.91555555555557,5.306718953053802,5.580803462658944e-08,True,True,True,True,True
22,English,AP English,Math Avg,7.575285658571098,45,85.60878243512974,91.23555555555556,4.982721876767097,3.134801750819587e-07,True,True,True,True,True
23,English,AP English,Science Avg,6.372395295577668,45,85.98203592814372,90.35333333333334,4.6016533945983165,2.095751479759148e-06,True,True,True,True,True
24,English,AP English|Honors English|Prep Course,Composite ACT,4.568623777226112,27,24.043912175648703,28.03703703703704,4.541605182309625,2.791376017724098e-06,True,True,True,True,True
25,English,AP English|Honors English|Prep Course,English ACT,5.8674127317933324,27,24.067864271457086,29.0,4.367875618518684,6.273045260023692e-06,True,True,True,True,True
26,English,AP English|Honors English|Prep Course,Math ACT,4.851497679371729,27,22.882235528942115,25.55555555555556,2.863235077287821,0.0020966966043954,True,True,False,False,True
27,English,AP English|Honors English|Prep Course,Science ACT,4.779078392380357,27,23.65868263473054,27.25925925925926,3.914801853954765,4.523924029049936e-05,True,True,True,True,True
28,English,AP English|Honors English|Prep Course,Last GPA,0.5668297576165395,27,3.711956087824352,4.3892592592592585,6.208866891457792,2.6684000827330997e-10,True,True,True,True,True
29,English,AP English|Honors English|Prep Course,English Avg,7.236619252974215,27,83.19081836327345,91.9074074074074,6.25882386458285,1.9394583106261107e-10,True,True,True,True,True
30,English,AP English|Honors English|Prep Course,Math Avg,7.575285658571098,27,85.60878243512974,91.43333333333332,3.995262439593265,3.231131383382608e-05,True,True,True,True,True
31,English,AP English|Honors English|Prep Course,Science Avg,6.372395295577668,27,85.98203592814372,92.4074074074074,5.239350045019375,8.057156235848291e-08,True,True,True,True,True
32,English,AP English|Prep Courses,Composite ACT,4.568623777226112,24,24.043912175648703,25.45833333333333,1.5166974943284042,0.0646715386133497,False,False,False,False,True
33,English,AP English|Prep Courses,English ACT,5.8674127317933324,24,24.067864271457086,26.416666666666668,1.9611258446896247,0.0249321722758186,True,False,False,False,True
34,English,AP English|Prep Courses,Math ACT,4.851497679371729,24,22.882235528942115,24.125,1.254927457760165,0.1047525476386257,False,False,False,False,True
35,English,AP English|Prep Courses,Science ACT,4.779078392380357,24,23.65868263473054,23.70833333333333,0.0508963724652296,0.4797040480593801,False,False,False,False,True
36,English,AP English|Prep Courses,Last GPA,0.5668297576165395,24,3.711956087824352,4.172916666666667,3.983976474521988,3.388579237198792e-05,True,True,True,True,True
37,English,AP English|Prep Courses,English Avg,7.236619252974215,24,83.19081836327345,90.25833333333333,4.784500834146596,8.570639288168453e-07,True,True,True,True,True
38,English,AP English|Prep Courses,Math Avg,7.575285658571098,24,85.60878243512974,89.53333333333335,2.538028954539396,0.0055739380437006,True,False,False,False,True
39,English,AP English|Prep Courses,Science Avg,6.372395295577668,24,85.98203592814372,91.15000000000002,3.9730350670081753,3.548129860378766e-05,True,True,True,True,True
40,English,AP English|Honors English,Composite ACT,4.568623777226112,23,24.043912175648703,29.43478260869565,5.65897032051048,7.614194263090952e-09,True,True,True,True,True
41,English,AP English|Honors English,English ACT,5.8674127317933324,23,24.067864271457086,31.17391304347826,5.808252165795853,3.1564194163794487e-09,True,True,True,True,True
42,English,AP English|Honors English,Math ACT,4.851497679371729,23,22.882235528942115,26.91304347826087,3.984558399348914,3.3802865038251526e-05,True,True,True,True,True
43,English,AP English|Honors English,Science ACT,4.779078392380357,23,23.65868263473054,27.565217391304348,3.920229172713341,4.423240132640062e-05,True,True,True,True,True
44,English,AP English|Honors English,Last GPA,0.5668297576165395,23,3.711956087824352,4.214782608695652,4.254313128675935,1.0484584702318768e-05,True,True,True,True,True
45,English,AP English|Honors English,English Avg,7.236619252974215,23,83.19081836327345,90.50434782608696,4.84680123664402,6.273400907514173e-07,True,True,True,True,True
46,English,AP English|Honors English,Math Avg,7.575285658571098,23,85.60878243512974,91.3217391304348,3.61681117327429,0.0001491273575317,True,True,True,False,True
47,English,AP English|Honors English,Science Avg,6.372395295577668,23,85.98203592814372,90.80000000000004,3.6259746770624632,0.0001439367830217,True,True,True,False,True
48,English,Honors English,Composite ACT,4.568623777226112,6,24.043912175648703,28.166666666666668,2.2104347677088185,0.0135375015448492,True,False,False,False,True
49,English,Honors English,English ACT,5.8674127317933324,6,24.067864271457086,30.666666666666668,2.7548255970018696,0.0029361714168262,True,True,False,False,True
50,English,Honors English,Math ACT,4.851497679371729,6,22.882235528942115,25.0,1.0692455592720616,0.1424795172730648,False,False,False,False,True
51,English,Honors English,Science ACT,4.779078392380357,6,23.65868263473054,27.33333333333333,1.8834215418792,0.0298216316314662,True,False,False,False,True
52,English,Honors English,Last GPA,0.5668297576165395,6,3.711956087824352,3.825,0.4885062924760124,0.3125956348739742,False,False,False,False,True
53,English,Honors English,English Avg,7.236619252974215,6,83.19081836327345,84.35000000000001,0.3923660247866901,0.3473938928943123,False,False,False,False,True
54,English,Honors English,Math Avg,7.575285658571098,6,85.60878243512974,84.63333333333334,-0.3154141872859804,0.3762235981501234,False,False,False,False,False
55,English,Honors English,Science Avg,6.372395295577668,6,85.98203592814372,86.33333333333333,0.1350354695157522,0.4462919152684835,False,False,False,False,True
56,English,Honors English|Prep Courses,Composite ACT,4.568623777226112,4,24.043912175648703,24.75,0.3091030729520939,0.37862156085053,False,False,False,False,True
57,English,Honors English|Prep Courses,English ACT,5.8674127317933324,4,24.067864271457086,25.25,0.40294957337409,0.34349266069988,False,False,False,False,True
58,English,Honors English|Prep Courses,Math ACT,4.851497679371729,4,22.882235528942115,22.75,-0.054513281333462,0.4782631136751623,False,False,False,False,False
59,English,Honors English|Prep Courses,Science ACT,4.779078392380357,4,23.65868263473054,22.75,-0.3802752581666456,0.3518705497836001,False,False,False,False,False
60,English,Honors English|Prep Courses,Last GPA,0.5668297576165395,4,3.711956087824352,4.085,1.3162467466219818,0.0940456191730869,False,False,False,False,True
61,English,Honors English|Prep Courses,English Avg,7.236619252974215,4,83.19081836327345,89.625,1.7782285931603026,0.0376831593166442,True,False,False,False,True
62,English,Honors English|Prep Courses,Math Avg,7.575285658571098,4,85.60878243512974,90.275,1.2319581795811616,0.1089823532706427,False,False,False,False,True
63,English,Honors English|Prep Courses,Science Avg,6.372395295577668,4,85.98203592814372,90.0,1.261052990433497,0.1036448779872303,False,False,False,False,True
64,Math,None,Composite ACT,4.568623777226112,154,24.043912175648703,22.94155844155844,-2.9943043571877124,0.0013753570085601,True,True,False,False,False
65,Math,None,English ACT,5.8674127317933324,154,24.067864271457086,23.227272727272727,-1.7778648289702137,0.0377130289468977,True,False,False,False,False
66,Math,None,Math ACT,4.851497679371729,154,22.882235528942115,20.70779220779221,-5.562021000630327,1.3333409603057456e-08,True,True,True,True,False
67,Math,None,Science ACT,4.779078392380357,154,23.65868263473054,22.70779220779221,-2.4691454926154037,0.0067718069996032,True,False,False,False,False
68,Math,None,Last GPA,0.5668297576165395,154,3.711956087824352,3.369805194805195,-7.490751611040985,3.4240154519867754e-14,True,True,True,True,False
69,Math,None,English Avg,7.236619252974215,154,83.19081836327345,78.61298701298702,-7.850266965488323,2.0757629712662084e-15,True,True,True,True,False
70,Math,None,Math Avg,7.575285658571098,154,85.60878243512974,81.69935064935065,-6.404348930114531,7.550619682585514e-11,True,True,True,True,False
71,Math,None,Science Avg,6.372395295577668,154,85.98203592814372,81.46948051948051,-8.787800714407004,7.625810392490666e-19,True,True,True,True,False
72,Math,Prep Courses,Composite ACT,4.568623777226112,83,24.043912175648703,20.24096385542169,-7.583576535466577,1.6807854619153982e-14,True,True,True,True,False
73,Math,Prep Courses,English ACT,5.8674127317933324,83,24.067864271457086,19.650602409638555,-6.858759155585255,3.473061504211776e-12,True,True,True,True,False
74,Math,Prep Courses,Math ACT,4.851497679371729,83,22.882235528942115,19.048192771084334,-7.19979564940984,3.015143342572204e-13,True,True,True,True,False
75,Math,Prep Courses,Science ACT,4.779078392380357,83,23.65868263473054,19.91566265060241,-7.135378864087709,4.826046519606938e-13,True,True,True,True,False
76,Math,Prep Courses,Last GPA,0.5668297576165395,83,3.711956087824352,3.346626506024096,-5.871799856597147,2.155444999007747e-09,True,True,True,True,False
77,Math,Prep Courses,English Avg,7.236619252974215,83,83.19081836327345,81.2710843373494,-2.4168204407902576,0.0078283692257015,True,False,False,False,False
78,Math,Prep Courses,Math Avg,7.575285658571098,83,85.60878243512974,80.07710843373494,-6.652679627225143,1.4390211461575028e-11,True,True,True,True,False
79,Math,Prep Courses,Science Avg,6.372395295577668,83,85.98203592814372,83.57228915662651,-3.445146900993493,0.000285374558611,True,True,True,False,False
80,Math,AP Math|Honors Math,Composite ACT,4.568623777226112,76,24.043912175648703,27.93421052631579,7.423424732546777,5.706501911030553e-14,True,True,True,True,True
81,Math,AP Math|Honors Math,English ACT,5.8674127317933324,76,24.067864271457086,28.11842105263158,6.018314538720575,8.81212414106231e-10,True,True,True,True,True
82,Math,AP Math|Honors Math,Math ACT,4.851497679371729,76,22.882235528942115,28.09210526315789,9.361767100092091,3.9207041743883946e-21,True,True,True,True,True
83,Math,AP Math|Honors Math,Science ACT,4.779078392380357,76,23.65868263473054,27.407894736842103,6.839158234801083,3.9829929552834395e-12,True,True,True,True,True
84,Math,AP Math|Honors Math,Last GPA,0.5668297576165395,76,3.711956087824352,4.154078947368421,6.799815427776313,5.237663497902796e-12,True,True,True,True,True
85,Math,AP Math|Honors Math,English Avg,7.236619252974215,76,83.19081836327345,87.29078947368421,4.939146061711543,3.923271212130212e-07,True,True,True,True,True
86,Math,AP Math|Honors Math,Math Avg,7.575285658571098,76,85.60878243512974,92.01842105263157,7.376346782829113,8.134595858881794e-14,True,True,True,True,True
87,Math,AP Math|Honors Math,Science Avg,6.372395295577668,76,85.98203592814372,90.5078947368421,6.19163133007156,2.9772347449328007e-10,True,True,True,True,True
88,Math,Honors Math,Composite ACT,4.568623777226112,74,24.043912175648703,25.5,2.74168802099424,0.003056218334597,True,True,False,False,True
89,Math,Honors Math,English ACT,5.8674127317933324,74,24.067864271457086,26.06756756756757,2.931802990014293,0.0016850022741469,True,True,False,False,True
90,Math,Honors Math,Math ACT,4.851497679371729,74,22.882235528942115,24.283783783783782,2.485124133289353,0.0064753133453345,True,False,False,False,True
91,Math,Honors Math,Science ACT,4.779078392380357,74,23.65868263473054,24.7972972972973,2.04950261892329,0.0202064960079655,True,False,False,False,True
92,Math,Honors Math,Last GPA,0.5668297576165395,74,3.711956087824352,3.863918918918919,2.3062192554479,0.0105491920902339,True,False,False,False,True
93,Math,Honors Math,English Avg,7.236619252974215,74,83.19081836327345,83.95945945945947,0.9137002365145532,0.1804371898582106,False,False,False,False,True
94,Math,Honors Math,Math Avg,7.575285658571098,74,85.60878243512974,87.8608108108108,2.557353144339693,0.005273604099865,True,False,False,False,True
95,Math,Honors Math,Science Avg,6.372395295577668,74,85.98203592814372,87.03243243243243,1.4179679649702162,0.0781000588961596,False,False,False,False,True
96,Math,AP Math|Honors Math|Prep Course,Composite ACT,4.568623777226112,47,24.043912175648703,26.51063829787234,3.701557211178289,0.0001071401631005,True,True,True,False,True
97,Math,AP Math|Honors Math|Prep Course,English ACT,5.8674127317933324,47,24.067864271457086,26.46808510638298,2.8044873884146813,0.0025198329581273,True,True,False,False,True
98,Math,AP Math|Honors Math|Prep Course,Math ACT,4.851497679371729,47,22.882235528942115,25.74468085106383,4.044923390242968,2.6170118495712305e-05,True,True,True,True,True
99,Math,AP Math|Honors Math|Prep Course,Science ACT,4.779078392380357,47,23.65868263473054,25.91489361702128,3.2365661180361345,0.0006048859861203,True,True,False,False,True
100,Math,AP Math|Honors Math|Prep Course,Last GPA,0.5668297576165395,47,3.711956087824352,4.328297872340427,7.454489348273633,4.510828218924332e-14,True,True,True,True,True
101,Math,AP Math|Honors Math|Prep Course,English Avg,7.236619252974215,47,83.19081836327345,90.53404255319148,6.956647426033533,1.742327901477513e-12,True,True,True,True,True
102,Math,AP Math|Honors Math|Prep Course,Math Avg,7.575285658571098,47,85.60878243512974,91.34255319148936,5.189078489602011,1.056686544942836e-07,True,True,True,True,True
103,Math,AP Math|Honors Math|Prep Course,Science Avg,6.372395295577668,47,85.98203592814372,91.9063829787234,6.373628004506432,9.230402843957286e-11,True,True,True,True,True
104,Math,Honors Math|Prep Courses,Composite ACT,4.568623777226112,35,24.043912175648703,22.97142857142857,-1.388798657543411,0.082446991797759,False,False,False,False,False
105,Math,Honors Math|Prep Courses,English ACT,5.8674127317933324,35,24.067864271457086,22.857142857142858,-1.2207637010735646,0.1110877505625408,False,False,False,False,False
106,Math,Honors Math|Prep Courses,Math ACT,4.851497679371729,35,22.882235528942115,21.97142857142857,-1.1106687014534746,0.1333554895255788,False,False,False,False,False
107,Math,Honors Math|Prep Courses,Science ACT,4.779078392380357,35,23.65868263473054,22.714285714285715,-1.1690805359403884,0.1211855925651103,False,False,False,False,False
108,Math,Honors Math|Prep Courses,Last GPA,0.5668297576165395,35,3.711956087824352,3.8382857142857136,1.3185196067638183,0.0936648829910276,False,False,False,False,True
109,Math,Honors Math|Prep Courses,English Avg,7.236619252974215,35,83.19081836327345,88.12000000000002,4.029703762054183,2.792359409360409e-05,True,True,True,True,True
110,Math,Honors Math|Prep Courses,Math Avg,7.575285658571098,35,85.60878243512974,88.04857142857142,1.905404890282636,0.0283637300153786,True,False,False,False,True
111,Math,Honors Math|Prep Courses,Science Avg,6.372395295577668,35,85.98203592814372,90.16571428571427,3.8840928414141738,5.135632860743181e-05,True,True,True,False,True
112,Math,AP Math,Composite ACT,4.568623777226112,24,24.043912175648703,23.08333333333333,-1.0300379878575368,0.1514960866897544,False,False,False,False,False
113,Math,AP Math,English ACT,5.8674127317933324,24,24.067864271457086,22.20833333333333,-1.5526100404155283,0.0602581627534604,False,False,False,False,False
114,Math,AP Math,Math ACT,4.851497679371729,24,22.882235528942115,24.166666666666668,1.2970019177974974,0.0973152634665297,False,False,False,False,True
115,Math,AP Math,Science ACT,4.779078392380357,24,23.65868263473054,22.875,-0.8033442508205555,0.2108878939833218,False,False,False,False,False
116,Math,AP Math,Last GPA,0.5668297576165395,24,3.711956087824352,3.70875,-0.0277094811438061,0.4889469308745276,False,False,False,False,False
117,Math,AP Math,English Avg,7.236619252974215,24,83.19081836327345,79.91666666666667,-2.2165048945633736,0.0133284715225016,True,False,False,False,False
118,Math,AP Math,Math Avg,7.575285658571098,24,85.60878243512974,86.69583333333334,0.7030018787529708,0.2410272893233179,False,False,False,False,True
119,Math,AP Math,Science Avg,6.372395295577668,24,85.98203592814372,86.21250000000002,0.1771765102155001,0.4296848729431817,False,False,False,False,True
120,Math,AP Math|Prep Courses,Composite ACT,4.568623777226112,8,24.043912175648703,27.375,2.0622707442606467,0.0195909833586395,True,False,False,False,True
121,Math,AP Math|Prep Courses,English ACT,5.8674127317933324,8,24.067864271457086,25.875,0.8711423495081958,0.1918382165885009,False,False,False,False,True
122,Math,AP Math|Prep Courses,Math ACT,4.851497679371729,8,22.882235528942115,25.375,1.453283730408126,0.0730724963220127,False,False,False,False,True
123,Math,AP Math|Prep Courses,Science ACT,4.779078392380357,8,23.65868263473054,27.875,2.495365303377389,0.0062913758544299,True,False,False,False,True
124,Math,AP Math|Prep Courses,Last GPA,0.5668297576165395,8,3.711956087824352,4.31875,3.0278444934599205,0.0012315239923485,True,True,False,False,True
125,Math,AP Math|Prep Courses,English Avg,7.236619252974215,8,83.19081836327345,90.2875,2.7737326139904166,0.0027708602929355,True,True,False,False,True
126,Math,AP Math|Prep Courses,Math Avg,7.575285658571098,8,85.60878243512974,88.9125,1.2335276574562932,0.1086894822680241,False,False,False,False,True
127,Math,AP Math|Prep Courses,Science Avg,6.372395295577668,8,85.98203592814372,91.3375,2.377055901876354,0.0087257215575495,True,False,False,False,True
128,Science,None,Composite ACT,4.568623777226112,179,24.043912175648703,22.93854748603352,-3.237029869983896,0.0006039038440055,True,True,False,False,False
129,Science,None,English ACT,5.8674127317933324,179,24.067864271457086,23.033519553072622,-2.358550490300172,0.0091732319191385,True,False,False,False,False
130,Science,None,Math ACT,4.851497679371729,179,22.882235528942115,21.335195530726256,-4.266308239532807,9.93670791820446e-06,True,True,True,True,False
131,Science,None,Science ACT,4.779078392380357,179,23.65868263473054,22.70391061452514,-2.6728958980132598,0.0037599791393011,True,True,False,False,False
132,Science,None,Last GPA,0.5668297576165395,179,3.711956087824352,3.416256983240223,-6.979493112316895,1.481234769618918e-12,True,True,True,True,False
133,Science,None,English Avg,7.236619252974215,179,83.19081836327345,78.89217877094973,-7.947340610913668,9.527897247235538e-16,True,True,True,True,False
134,Science,None,Math Avg,7.575285658571098,179,85.60878243512974,82.59553072625698,-5.321853469175457,5.135764787008451e-08,True,True,True,True,False
135,Science,None,Science Avg,6.372395295577668,179,85.98203592814372,82.41731843575418,-7.484261001541629,3.59754198516774e-14,True,True,True,True,False
136,Science,Prep Courses,Composite ACT,4.568623777226112,110,24.043912175648703,20.5,-8.135680739321108,2.0481500416372427e-16,True,True,True,True,False
137,Science,Prep Courses,English ACT,5.8674127317933324,110,24.067864271457086,19.7,-7.807623061332349,2.913828264105684e-15,True,True,True,True,False
138,Science,Prep Courses,Math ACT,4.851497679371729,110,22.882235528942115,19.663636363636364,-6.958047816118691,1.7251006188556293e-12,True,True,True,True,False
139,Science,Prep Courses,Science ACT,4.779078392380357,110,23.65868263473054,20.463636363636365,-7.011797096233781,1.1763812491508565e-12,True,True,True,True,False
140,Science,Prep Courses,Last GPA,0.5668297576165395,110,3.711956087824352,3.4531818181818177,-4.788117420318352,8.417657013718948e-07,True,True,True,True,False
141,Science,Prep Courses,English Avg,7.236619252974215,110,83.19081836327345,82.65636363636364,-0.774589386195765,0.2192911655049254,False,False,False,False,False
142,Science,Prep Courses,Math Avg,7.575285658571098,110,85.60878243512974,81.74454545454545,-5.350089909913171,4.395527273857324e-08,True,True,True,True,False
143,Science,Prep Courses,Science Avg,6.372395295577668,110,85.98203592814372,85.20545454545457,-1.278146423298354,0.1005989014403031,False,False,False,False,False
144,Science,AP Science|Honors Science,Composite ACT,4.568623777226112,76,24.043912175648703,28.23684210526316,8.000902999122998,6.175503007145352e-16,True,True,True,True,True
145,Science,AP Science|Honors Science,English ACT,5.8674127317933324,76,24.067864271457086,28.710526315789476,6.898064140127931,2.635797312121691e-12,True,True,True,True,True
146,Science,AP Science|Honors Science,Math ACT,4.851497679371729,76,22.882235528942115,27.210526315789476,7.777632139594885,3.694728466938105e-15,True,True,True,True,True
147,Science,AP Science|Honors Science,Science ACT,4.779078392380357,76,23.65868263473054,27.855263157894736,7.655229275196175,9.648382757599104e-15,True,True,True,True,True
148,Science,AP Science|Honors Science,Last GPA,0.5668297576165395,76,3.711956087824352,4.180789473684212,7.210621259244598,2.784858622482819e-13,True,True,True,True,True
149,Science,AP Science|Honors Science,English Avg,7.236619252974215,76,83.19081836327345,88.3328947368421,6.194547616455548,2.9226334258020057e-10,True,True,True,True,True
150,Science,AP Science|Honors Science,Math Avg,7.575285658571098,76,85.60878243512974,92.03815789473684,7.399060355380429,6.857575449528058e-14,True,True,True,True,True
151,Science,AP Science|Honors Science,Science Avg,6.372395295577668,76,85.98203592814372,90.19210526315788,5.759613434327185,4.215339370812265e-09,True,True,True,True,True
152,Science,Honors Science,Composite ACT,4.568623777226112,44,24.043912175648703,25.022727272727277,1.4211555052213014,0.0776357783690318,False,False,False,False,True
153,Science,Honors Science,English ACT,5.8674127317933324,44,24.067864271457086,25.88636363636364,2.055856763650986,0.0198981623482732,True,False,False,False,True
154,Science,Honors Science,Math ACT,4.851497679371729,44,22.882235528942115,23.613636363636363,1.000013727862987,0.1586519322133042,False,False,False,False,True
155,Science,Honors Science,Science ACT,4.779078392380357,44,23.65868263473054,23.954545454545453,0.4106507080139566,0.3406643378563315,False,False,False,False,True
156,Science,Honors Science,Last GPA,0.5668297576165395,44,3.711956087824352,3.8345454545454554,1.4345857013958412,0.075702595766707,False,False,False,False,True
157,Science,Honors Science,English Avg,7.236619252974215,44,83.19081836327345,83.29772727272726,0.0979951347471067,0.4609680783417991,False,False,False,False,True
158,Science,Honors Science,Math Avg,7.575285658571098,44,85.60878243512974,86.85454545454547,1.090844279496536,0.1376707043845453,False,False,False,False,True
159,Science,Honors Science,Science Avg,6.372395295577668,44,85.98203592814372,86.73181818181818,0.7804746236100701,0.2175557793280636,False,False,False,False,True
160,Science,AP Science|Honors Science|Prep Course,Composite ACT,4.568623777226112,37,24.043912175648703,28.37837837837838,5.7710001725763,3.9401197056321604e-09,True,True,True,True,True
161,Science,AP Science|Honors Science|Prep Course,English ACT,5.8674127317933324,37,24.067864271457086,28.864864864864863,4.973063392879947,3.295154920147884e-07,True,True,True,True,True
162,Science,AP Science|Honors Science|Prep Course,Math ACT,4.851497679371729,37,22.882235528942115,26.513513513513512,4.552862460506869,2.6460436834369063e-06,True,True,True,True,True
163,Science,AP Science|Honors Science|Prep Course,Science ACT,4.779078392380357,37,23.65868263473054,27.864864864864863,5.353586102680317,4.3113987343180505e-08,True,True,True,True,True
164,Science,AP Science|Honors Science|Prep Course,Last GPA,0.5668297576165395,37,3.711956087824352,4.365405405405405,7.012294204779404,1.1722077946880128e-12,True,True,True,True,True
165,Science,AP Science|Honors Science|Prep Course,English Avg,7.236619252974215,37,83.19081836327345,91.3081081081081,6.823012815986013,4.457534950341439e-12,True,True,True,True,True
166,Science,AP Science|Honors Science|Prep Course,Math Avg,7.575285658571098,37,85.60878243512974,91.77837837837838,4.9540292897352645,3.634612853391624e-07,True,True,True,True,True
167,Science,AP Science|Honors Science|Prep Course,Science Avg,6.372395295577668,37,85.98203592814372,92.0972972972973,5.837315639392642,2.6524270745621973e-09,True,True,True,True,True
168,Science,AP Science,Composite ACT,4.568623777226112,29,24.043912175648703,25.655172413793103,1.8992375719015004,0.028766623404681,True,False,False,False,True
169,Science,AP Science,English ACT,5.8674127317933324,29,24.067864271457086,25.24137931034483,1.0770627833658155,0.1407261090822458,False,False,False,False,True
170,Science,AP Science,Math ACT,4.851497679371729,29,22.882235528942115,26.724137931034484,4.264513553446163,1.001690919210845e-05,True,True,True,True,True
171,Science,AP Science,Science ACT,4.779078392380357,29,23.65868263473054,25.13793103448276,1.6668478248978855,0.0477723338906882,True,False,False,False,True
172,Science,AP Science,Last GPA,0.5668297576165395,29,3.711956087824352,3.849310344827586,1.3049338024068888,0.0959576949301618,False,False,False,False,True
173,Science,AP Science,English Avg,7.236619252974215,29,83.19081836327345,81.77241379310345,-1.0555125406686128,0.145595488534262,False,False,False,False,False
174,Science,AP Science,Math Avg,7.575285658571098,29,85.60878243512974,88.15172413793104,1.8077417514976373,0.0353233516054132,True,False,False,False,True
175,Science,AP Science,Science Avg,6.372395295577668,29,85.98203592814372,86.58275862068965,0.5076569410234871,0.3058469752562329,False,False,False,False,True
176,Science,AP Science|Prep Courses,Composite ACT,4.568623777226112,14,24.043912175648703,25.142857142857142,0.9000249866733548,0.1840534768362925,False,False,False,False,True
177,Science,AP Science|Prep Courses,English ACT,5.8674127317933324,14,24.067864271457086,25.5,0.9132749769808112,0.1805489697082061,False,False,False,False,True
178,Science,AP Science|Prep Courses,Math ACT,4.851497679371729,14,22.882235528942115,24.714285714285715,1.4129459729679112,0.0788358051187625,False,False,False,False,True
179,Science,AP Science|Prep Courses,Science ACT,4.779078392380357,14,23.65868263473054,23.428571428571427,-0.1801596926464849,0.4285136006089101,False,False,False,False,False
180,Science,AP Science|Prep Courses,Last GPA,0.5668297576165395,14,3.711956087824352,4.2700000000000005,3.683661801589436,0.0001149536168477,True,True,True,False,True
181,Science,AP Science|Prep Courses,English Avg,7.236619252974215,14,83.19081836327345,90.27142857142856,3.660993699139546,0.0001256194690559,True,True,True,False,True
182,Science,AP Science|Prep Courses,Math Avg,7.575285658571098,14,85.60878243512974,90.67857142857142,2.5041185628733653,0.0061378445044186,True,False,False,False,True
183,Science,AP Science|Prep Courses,Science Avg,6.372395295577668,14,85.98203592814372,90.29285714285716,2.5311700377859547,0.0056841361372719,True,False,False,False,True
184,Science,Honors Science|Prep Courses,Composite ACT,4.568623777226112,12,24.043912175648703,24.33333333333333,0.2194499588230684,0.4131497784026677,False,False,False,False,True
185,Science,Honors Science|Prep Courses,English ACT,5.8674127317933324,12,24.067864271457086,24.166666666666668,0.058332616516033,0.4767418437580367,False,False,False,False,True
186,Science,Honors Science|Prep Courses,Math ACT,4.851497679371729,12,22.882235528942115,22.75,-0.0944197729568523,0.4623878547115216,False,False,False,False,False
187,Science,Honors Science|Prep Courses,Science ACT,4.779078392380357,12,23.65868263473054,23.25,-0.2962324655117603,0.3835262784939355,False,False,False,False,False
188,Science,Honors Science|Prep Courses,Last GPA,0.5668297576165395,12,3.711956087824352,4.078333333333334,2.239063829771584,0.012575881650579,True,False,False,False,True
189,Science,Honors Science|Prep Courses,English Avg,7.236619252974215,12,83.19081836327345,89.3916666666667,2.96828779739661,0.0014973189808123,True,True,False,False,True
190,Science,Honors Science|Prep Courses,Math Avg,7.575285658571098,12,85.60878243512974,89.60833333333333,1.8289542270417989,0.0337032328057307,True,False,False,False,True
191,Science,Honors Science|Prep Courses,Science Avg,6.372395295577668,12,85.98203592814372,91.525,3.013214011894915,0.001292482769065,True,True,False,False,True
192,Overall,None,Composite ACT,4.568623777226112,122,24.043912175648703,22.14754098360656,-4.584773327826286,2.272396038349164e-06,True,True,True,True,False
193,Overall,None,English ACT,5.8674127317933324,122,24.067864271457086,22.204918032786885,-3.506982498474125,0.0002266094780063,True,True,True,False,False
194,Overall,None,Math ACT,4.851497679371729,122,22.882235528942115,20.15573770491803,-6.207393009166898,2.693537990800233e-10,True,True,True,True,False
195,Overall,None,Science ACT,4.779078392380357,122,23.65868263473054,22.15573770491803,-3.4735921815381485,0.0002567704632884,True,True,True,False,False
196,Overall,None,Last GPA,0.5668297576165395,122,3.711956087824352,3.265819672131148,-8.693505780229303,1.7571188993552564e-18,True,True,True,True,False
197,Overall,None,English Avg,7.236619252974215,122,83.19081836327345,77.3844262295082,-8.862383812501244,3.916070994103963e-19,True,True,True,True,False
198,Overall,None,Math Avg,7.575285658571098,122,85.60878243512974,80.70655737704917,-7.147828873322684,4.408055876736795e-13,True,True,True,True,False
199,Overall,None,Science Avg,6.372395295577668,122,85.98203592814372,80.47377049180328,-9.547552764828806,6.639802764041981e-22,True,True,True,True,False
200,Overall,2 Advanced Courses,Composite ACT,4.568623777226112,95,24.043912175648703,25.96842105263158,4.105786152104725,2.014710636222663e-05,True,True,True,True,True
201,Overall,2 Advanced Courses,English ACT,5.8674127317933324,95,24.067864271457086,26.094736842105263,3.3669883153428555,0.0003799695409152,True,True,True,False,True
202,Overall,2 Advanced Courses,Math ACT,4.851497679371729,95,22.882235528942115,25.91578947368421,6.094494605037959,5.489186745012558e-10,True,True,True,True,True
203,Overall,2 Advanced Courses,Science ACT,4.779078392380357,95,23.65868263473054,25.51578947368421,3.787516535505932,7.608028073737359e-05,True,True,True,False,True
204,Overall,2 Advanced Courses,Last GPA,0.5668297576165395,95,3.711956087824352,3.961157894736844,4.285093945215943,9.133099225578456e-06,True,True,True,True,True
205,Overall,2 Advanced Courses,English Avg,7.236619252974215,95,83.19081836327345,84.21052631578948,1.37341531418212,0.084811635805541,False,False,False,False,True
206,Overall,2 Advanced Courses,Math Avg,7.575285658571098,95,85.60878243512974,89.26736842105262,4.707345281064532,1.2548181229772153e-06,True,True,True,True,True
207,Overall,2 Advanced Courses,Science Avg,6.372395295577668,95,85.98203592814372,87.91684210526316,2.9593515516114404,0.0015414359581214,True,True,False,False,True
208,Overall,Prep Courses,Composite ACT,4.568623777226112,70,24.043912175648703,19.51428571428572,-8.295183801837146,5.4208719830777016e-17,True,True,True,True,False
209,Overall,Prep Courses,English ACT,5.8674127317933324,70,24.067864271457086,18.728571428571428,-7.613531032845128,1.33353626436384e-14,True,True,True,True,False
210,Overall,Prep Courses,Math ACT,4.851497679371729,70,22.882235528942115,18.62857142857143,-7.335612535104947,1.1035484740125245e-13,True,True,True,True,False
211,Overall,Prep Courses,Science ACT,4.779078392380357,70,23.65868263473054,19.414285714285715,-7.430548211434088,5.407425389784157e-14,True,True,True,True,False
212,Overall,Prep Courses,Last GPA,0.5668297576165395,70,3.711956087824352,3.265285714285714,-6.593006834154914,2.1550336390393376e-11,True,True,True,True,False
213,Overall,Prep Courses,English Avg,7.236619252974215,70,83.19081836327345,80.35428571428571,-3.27945052572923,0.0005200472268493,True,True,False,False,False
214,Overall,Prep Courses,Math Avg,7.575285658571098,70,85.60878243512974,79.49714285714286,-6.750061663614841,7.389116708848461e-12,True,True,True,True,False
215,Overall,Prep Courses,Science Avg,6.372395295577668,70,85.98203592814372,83.04285714285714,-3.858978117997205,5.693106553487209e-05,True,True,True,False,False
216,Overall,1 Advanced Course,Composite ACT,4.568623777226112,63,24.043912175648703,24.142857142857142,0.1719010731546264,0.4317576514451088,False,False,False,False,True
217,Overall,1 Advanced Course,English ACT,5.8674127317933324,63,24.067864271457086,24.063492063492063,-0.0059145873067827,0.4976404348093932,False,False,False,False,False
218,Overall,1 Advanced Course,Math ACT,4.851497679371729,63,22.882235528942115,22.984126984126984,0.1666986994271168,0.4338035644625633,False,False,False,False,True
219,Overall,1 Advanced Course,Science ACT,4.779078392380357,63,23.65868263473054,23.603174603174605,-0.0921896034376913,0.4632736990616092,False,False,False,False,False
220,Overall,1 Advanced Course,Last GPA,0.5668297576165395,63,3.711956087824352,3.6574603174603175,-0.7630981998601635,0.2227024167704979,False,False,False,False,False
221,Overall,1 Advanced Course,English Avg,7.236619252974215,63,83.19081836327345,80.85714285714285,-2.559617197245834,0.0052393758516553,True,False,False,False,False
222,Overall,1 Advanced Course,Math Avg,7.575285658571098,63,85.60878243512974,85.64285714285714,0.0357028922897068,0.4857596321551538,False,False,False,False,True
223,Overall,1 Advanced Course,Science Avg,6.372395295577668,63,85.98203592814372,85.36190476190475,-0.7724157573435734,0.21993411206173,False,False,False,False,False
224,Overall,3 Advanced Courses,Composite ACT,4.568623777226112,48,24.043912175648703,29.3125,7.989681130150609,6.764411001371862e-16,True,True,True,True,True
225,Overall,3 Advanced Courses,English ACT,5.8674127317933324,48,24.067864271457086,30.666666666666668,7.791823442505204,3.3024492536962405e-15,True,True,True,True,True
226,Overall,3 Advanced Courses,Math ACT,4.851497679371729,48,22.882235528942115,27.75,6.951433095804547,1.8079694532980976e-12,True,True,True,True,True
227,Overall,3 Advanced Courses,Science ACT,4.779078392380357,48,23.65868263473054,28.125,6.4747953176141895,4.747027559237778e-11,True,True,True,True,True
228,Overall,3 Advanced Courses,Last GPA,0.5668297576165395,48,3.711956087824352,4.259166666666666,6.688403438658198,1.1280921918674159e-11,True,True,True,True,True
229,Overall,3 Advanced Courses,English Avg,7.236619252974215,48,83.19081836327345,90.34583333333332,6.850076823907074,3.690516983935024e-12,True,True,True,True,True
230,Overall,3 Advanced Courses,Math Avg,7.575285658571098,48,85.60878243512974,92.40416666666664,6.214921140383479,2.56752161562301e-10,True,True,True,True,True
231,Overall,3 Advanced Courses,Science Avg,6.372395295577668,48,85.98203592814372,91.38958333333332,5.879200153590979,2.06126820791534e-09,True,True,True,True,True
232,Overall,3 Advanced Courses|Prep Course,Composite ACT,4.568623777226112,41,24.043912175648703,27.804878048780488,5.271156679272357,6.778333945454679e-08,True,True,True,True,True
233,Overall,3 Advanced Courses|Prep Course,English ACT,5.8674127317933324,41,24.067864271457086,28.75609756097561,5.116282351195772,1.558082414540591e-07,True,True,True,True,True
234,Overall,3 Advanced Courses|Prep Course,Math ACT,4.851497679371729,41,22.882235528942115,25.87804878048781,3.9539469478379456,3.843623068431283e-05,True,True,True,True,True
235,Overall,3 Advanced Courses|Prep Course,Science ACT,4.779078392380357,41,23.65868263473054,26.414634146341463,3.692490156537516,0.0001110344693665,True,True,True,False,True
236,Overall,3 Advanced Courses|Prep Course,Last GPA,0.5668297576165395,41,3.711956087824352,4.394878048780488,7.714545860931364,6.070688617783333e-15,True,True,True,True,True
237,Overall,3 Advanced Courses|Prep Course,English Avg,7.236619252974215,41,83.19081836327345,92.06585365853658,7.852831774148592,2.0337354525754887e-15,True,True,True,True,True
238,Overall,3 Advanced Courses|Prep Course,Math Avg,7.575285658571098,41,85.60878243512974,92.2,5.571325867567968,1.2640398159767185e-08,True,True,True,True,True
239,Overall,3 Advanced Courses|Prep Course,Science Avg,6.372395295577668,41,85.98203592814372,92.72439024390243,6.77486727268086,6.226026092656881e-12,True,True,True,True,True
240,Overall,1 Advanced Course|Prep Course,Composite ACT,4.568623777226112,39,24.043912175648703,22.46153846153846,-2.162997252388469,0.0152706954724314,True,False,False,False,False
241,Overall,1 Advanced Course|Prep Course,English ACT,5.8674127317933324,39,24.067864271457086,21.46153846153846,-2.7740505415478265,0.0027681538158998,True,True,False,False,False
242,Overall,1 Advanced Course|Prep Course,Math ACT,4.851497679371729,39,22.882235528942115,21.46153846153846,-1.828765245006828,0.0337173917915212,True,False,False,False,False
243,Overall,1 Advanced Course|Prep Course,Science ACT,4.779078392380357,39,23.65868263473054,22.384615384615383,-1.6648706661685693,0.0479692808303966,True,False,False,False,False
244,Overall,1 Advanced Course|Prep Course,Last GPA,0.5668297576165395,39,3.711956087824352,3.7351282051282046,0.2552968051460548,0.3992469336673428,False,False,False,False,True
245,Overall,1 Advanced Course|Prep Course,English Avg,7.236619252974215,39,83.19081836327345,86.06666666666665,2.48177585009832,0.0065364740537033,True,False,False,False,True
246,Overall,1 Advanced Course|Prep Course,Math Avg,7.575285658571098,39,85.60878243512974,84.87948717948717,-0.60122451046795,0.2738452306945442,False,False,False,False,False
247,Overall,1 Advanced Course|Prep Course,Science Avg,6.372395295577668,39,85.98203592814372,88.26153846153845,2.233930586238643,0.0127438203428564,True,False,False,False,True
248,Overall,2 Advanced Courses|Prep Course,Composite ACT,4.568623777226112,23,24.043912175648703,24.65217391304348,0.6385119363875434,0.2615702432491055,False,False,False,False,True
249,Overall,2 Advanced Courses|Prep Course,English ACT,5.8674127317933324,23,24.067864271457086,24.130434782608692,0.0511430921136103,0.4796057491804095,False,False,False,False,True
250,Overall,2 Advanced Courses|Prep Course,Math ACT,4.851497679371729,23,22.882235528942115,24.39130434782609,1.4917537409580437,0.0678818574895352,False,False,False,False,True
251,Overall,2 Advanced Courses|Prep Course,Science ACT,4.779078392380357,23,23.65868263473054,24.956521739130437,1.3023886988321218,0.0963917719367628,False,False,False,False,True
252,Overall,2 Advanced Courses|Prep Course,Last GPA,0.5668297576165395,23,3.711956087824352,4.159130434782609,3.783451381552193,7.733427408759388e-05,True,True,True,False,True
253,Overall,2 Advanced Courses|Prep Course,English Avg,7.236619252974215,23,83.19081836327345,89.17391304347827,3.965099319340012,3.668269655757493e-05,True,True,True,True,True
254,Overall,2 Advanced Courses|Prep Course,Math Avg,7.575285658571098,23,85.60878243512974,90.31304347826088,2.978216851666011,0.0014496538799381,True,True,False,False,True
255,Overall,2 Advanced Courses|Prep Course,Science Avg,6.372395295577668,23,85.98203592814372,90.68260869565216,3.537626592576088,0.0002018702961449,True,True,True,False,True
